id,name,gender
101,James Anderson,M
102,Sarah Johnson,F
103,Michael Brown,M
104,Emily Davis,F
105,David Wilson,M
106,Jessica Miller,F
107,Christopher Moore,M
108,Ashley Taylor,F
109,Matthew Anderson,M
110,Amanda Thomas,F
111,Anthony Jackson,M
112,Melissa White,F
113,Mark Harris,M
114,Stephanie Martin,F
115,Steven Thompson,M
116,Nicole Garcia,F
117,Paul Martinez,M
118,Elizabeth Robinson,F
119,Andrew Clark,M
120,Jennifer Rodriguez,F
121,Joshua Lewis,M
122,Lisa Lee,F
123,Kenneth Walker,M
124,Michelle Hall,F
125,Kevin Allen,M
126,Kimberly Young,F
127,Brian Hernandez,M
128,Donna King,F
129,George Wright,M
130,Carol Lopez,F
131,Edward Hill,M
132,Sharon Scott,F
133,Ronald Green,M
134,Cynthia Adams,F
135,Timothy Baker,M
136,Angela Gonzalez,F
137,Jason Nelson,M
138,Brenda Carter,F
139,Jeffrey Mitchell,M
140,Emma Perez,F
141,Ryan Roberts,M
142,Olivia Turner,F
143,Jacob Phillips,M
144,Ava Campbell,F
145,Gary Parker,M
146,Isabella Evans,F
147,Nicholas Edwards,M
148,Sophia Collins,F
149,Eric Stewart,M
150,Mia Sanchez,F
151,Jonathan Morris,M
152,Charlotte Rogers,F
153,Stephen Reed,M
154,Amelia Cook,F
155,Larry Morgan,M
156,Harper Bell,F
157,Justin Murphy,M
158,Evelyn Bailey,F
159,Scott Rivera,M
160,Abigail Cooper,F
161,Brandon Richardson,M
162,Emily Cox,F
163,Benjamin Ward,M
164,Elizabeth Torres,F
165,Samuel Peterson,M
166,Sofia Gray,F
167,Gregory Ramirez,M
168,Avery James,F
169,Alexander Watson,M
170,Ella Brooks,F
171,Patrick Kelly,M
172,Scarlett Sanders,F
173,Frank Price,M
174,Grace Bennett,F
175,Raymond Wood,M
176,Chloe Barnes,F
177,Jack Ross,M
178,Lily Henderson,F
179,Dennis Coleman,M
180,Zoey Jenkins,F
181,Jerry Perry,M
182,Layla Powell,F
183,Tyler Long,M
184,Riley Patterson,F
185,Aaron Hughes,M
186,Nora Flores,F
187,Jose Washington,M
188,Hazel Butler,F
189,Henry Simmons,M
190,Violet Foster,F
191,Adam Gonzales,M
192,Aurora Bryant,F
193,Zachary Alexander,M
194,Savannah Russell,F
195,Nathan Griffin,M
196,Audrey Diaz,F
197,Caleb Hayes,M
198,Brooklyn Myers,F
199,Noah Ford,M
200,Bella Hamilton,F
201,Arthur Graham,M
202,Claire Sullivan,F
203,Carl Wallace,M
204,Skylar Woods,F
205,Willie Cole,M
206,Lucy Watson,F
207,Wayne Palmer,M
208,Paisley Robertson,F
209,Ralph Jordan,M
210,Savanna Ellis,F
211,Roy Stevens,M
212,Anna Hunt,F
213,Eugene Mason,M
214,Leah Fox,F
215,Louis Hunt,M
216,Audrey Stone,F
217,Philip Palmer,M
218,Naomi Burke,F
219,Bobby Gibson,M
220,Ellie Graham,F
221,Johnny Carroll,M
222,Josephine Bishop,F
223,Ralph Spencer,M
224,Maya Porter,F
225,Eugene Holmes,M
226,Ruby Knight,F
227,Louis Reynolds,M
228,Peyton Boyd,F
229,Philip Kennedy,M
230,Sydney Lucas,F
231,Bobby Mason,M
232,Genesis Mason,F
233,Johnny Webb,M
234,Skylar Stevens,F
235,Ralph Duncan,M
236,Bella Stevens,F
237,Eugene Boyd,M
238,Autumn Boyd,F
239,Louis Webb,M
240,Faith Webb,F
241,Philip Duncan,M
242,Hope Duncan,F
243,Bobby Stevens,M
244,Charity Stevens,F
245,Johnny Boyd,M
246,Joy Boyd,F
247,Terry Webb,M
248,Peace Webb,F
249,Larry Duncan,M
250,Grace Duncan,F
251,Gary Stevens,M
252,Mercy Stevens,F
253,Jerry Boyd,M
254,Love Boyd,F
255,Harry Webb,M
256,Angel Webb,F
257,Barry Duncan,M
258,Heaven Duncan,F
259,Perry Stevens,M
260,Destiny Stevens,F
261,Kerry Boyd,M
262,Journey Boyd,F
263,Terry Webb,M
264,Serenity Webb,F
265,Larry Duncan,M
266,Trinity Duncan,F
267,Gary Stevens,M
268,Harmony Stevens,F
269,Jerry Boyd,M
270,Melody Boyd,F
271,Harry Webb,M
272,Symphony Webb,F
273,Barry Duncan,M
274,Cadence Duncan,F
275,Perry Stevens,M
276,Rhythm Stevens,F
277,Kerry Boyd,M
278,Tempo Boyd,F
279,Terry Webb,M
280,Beat Webb,F
281,Larry Duncan,M
282,Pulse Duncan,F
283,Gary Stevens,M
284,Flow Stevens,F
285,Jerry Boyd,M
286,Wave Boyd,F
287,Harry Webb,M
288,Tide Webb,F
289,Barry Duncan,M
290,Current Duncan,F
291,Perry Stevens,M
292,Stream Stevens,F
293,Kerry Boyd,M
294,River Boyd,F
295,Terry Webb,M
296,Creek Webb,F
297,Larry Duncan,M
298,Brook Duncan,F
299,Gary Stevens,M
300,Spring Stevens,F
301,Jerry Boyd,M
302,Lake Boyd,F
303,Harry Webb,M
304,Ocean Webb,F
305,Barry Duncan,M
306,Sea Duncan,F
307,Perry Stevens,M
308,Bay Stevens,F
309,Kerry Boyd,M
310,Cove Boyd,F
311,Terry Webb,M
312,Harbor Webb,F
313,Larry Duncan,M
314,Port Duncan,F
315,Gary Stevens,M
316,Marina Stevens,F
317,Jerry Boyd,M
318,Dock Boyd,F
319,Harry Webb,M
320,Pier Webb,F
321,Barry Duncan,M
322,Wharf Duncan,F
323,Perry Stevens,M
324,Shore Stevens,F
325,Kerry Boyd,M
326,Coast Boyd,F
327,Terry Webb,M
328,Beach Webb,F
329,Larry Duncan,M
330,Sand Duncan,F
331,Gary Stevens,M
332,Pebble Stevens,F
333,Jerry Boyd,M
334,Stone Boyd,F
335,Harry Webb,M
336,Rock Webb,F
337,Barry Duncan,M
338,Boulder Duncan,F
339,Perry Stevens,M
340,Cliff Stevens,F
341,Kerry Boyd,M
342,Mountain Boyd,F
343,Terry Webb,M
344,Hill Webb,F
345,Larry Duncan,M
346,Valley Duncan,F
347,Gary Stevens,M
348,Canyon Stevens,F
349,Jerry Boyd,M
350,Ridge Boyd,F
351,Harry Webb,M
352,Peak Webb,F
353,Barry Duncan,M
354,Summit Duncan,F
355,Perry Stevens,M
356,Crest Stevens,F
357,Kerry Boyd,M
358,Top Boyd,F
359,Terry Webb,M
360,Height Webb,F
361,Larry Duncan,M
362,Elevation Duncan,F
363,Gary Stevens,M
364,Altitude Stevens,F
365,Jerry Boyd,M
366,Level Boyd,F
367,Harry Webb,M
368,Plane Webb,F
369,Barry Duncan,M
370,Plateau Duncan,F
371,Perry Stevens,M
372,Mesa Stevens,F
373,Kerry Boyd,M
374,Butte Boyd,F
375,Terry Webb,M
376,Knoll Webb,F
377,Larry Duncan,M
378,Mound Duncan,F
379,Gary Stevens,M
380,Rise Stevens,F
381,Jerry Boyd,M
382,Slope Boyd,F
383,Harry Webb,M
384,Grade Webb,F
385,Barry Duncan,M
386,Incline Duncan,F
387,Perry Stevens,M
388,Angle Stevens,F
389,Kerry Boyd,M
390,Curve Boyd,F
391,Terry Webb,M
392,Bend Webb,F
393,Larry Duncan,M
394,Turn Duncan,F
395,Gary Stevens,M
396,Twist Stevens,F
397,Jerry Boyd,M
398,Spiral Boyd,F
399,Harry Webb,M
400,Circle Webb,F
401,Barry Duncan,M
402,Round Duncan,F
403,Perry Stevens,M
404,Oval Stevens,F
405,Kerry Boyd,M
406,Ring Boyd,F
407,Terry Webb,M
408,Loop Webb,F
409,Larry Duncan,M
410,Arc Duncan,F
411,Gary Stevens,M
412,Bow Stevens,F
413,Jerry Boyd,M
414,Curve Boyd,F
415,Harry Webb,M
416,Line Webb,F
417,Barry Duncan,M
418,Straight Duncan,F
419,Perry Stevens,M
420,Direct Stevens,F
421,Kerry Boyd,M
422,Path Boyd,F
423,Terry Webb,M
424,Route Webb,F
425,Larry Duncan,M
426,Way Duncan,F
427,Gary Stevens,M
428,Road Stevens,F
429,Jerry Boyd,M
430,Street Boyd,F
431,Harry Webb,M
432,Avenue Webb,F
433,Barry Duncan,M
434,Lane Duncan,F
435,Perry Stevens,M
436,Drive Stevens,F
437,Kerry Boyd,M
438,Court Boyd,F
439,Terry Webb,M
440,Place Webb,F
441,Larry Duncan,M
442,Square Duncan,F
443,Gary Stevens,M
444,Circle Stevens,F
445,Jerry Boyd,M
446,Terrace Boyd,F
447,Harry Webb,M
448,Garden Webb,F
449,Barry Duncan,M
450,Park Duncan,F
451,Perry Stevens,M
452,Grove Stevens,F
453,Kerry Boyd,M
454,Woods Boyd,F
455,Terry Webb,M
456,Forest Webb,F
457,Larry Duncan,M
458,Tree Duncan,F
459,Gary Stevens,M
460,Branch Stevens,F
461,Jerry Boyd,M
462,Leaf Boyd,F
463,Harry Webb,M
464,Flower Webb,F
465,Barry Duncan,M
466,Bloom Duncan,F
467,Perry Stevens,M
468,Blossom Stevens,F
469,Kerry Boyd,M
470,Petal Boyd,F
471,Terry Webb,M
472,Stem Webb,F
473,Larry Duncan,M
474,Root Duncan,F
475,Gary Stevens,M
476,Seed Stevens,F
477,Jerry Boyd,M
478,Fruit Boyd,F
479,Harry Webb,M
480,Berry Webb,F
481,Barry Duncan,M
482,Apple Duncan,F
483,Perry Stevens,M
484,Orange Stevens,F
485,Kerry Boyd,M
486,Lemon Boyd,F
487,Terry Webb,M
488,Lime Webb,F
489,Larry Duncan,M
490,Grape Duncan,F
491,Gary Stevens,M
492,Cherry Stevens,F
493,Jerry Boyd,M
494,Peach Boyd,F
495,Harry Webb,M
496,Plum Webb,F
497,Barry Duncan,M
498,Pear Duncan,F
499,Perry Stevens,M
500,Banana Stevens,F
501,Kerry Boyd,M
502,Mango Boyd,F
503,Terry Webb,M
504,Kiwi Webb,F
505,Larry Duncan,M
506,Papaya Duncan,F
507,Gary Stevens,M
508,Coconut Stevens,F
509,Jerry Boyd,M
510,Pineapple Boyd,F
511,Harry Webb,M
512,Strawberry Webb,F
513,Barry Duncan,M
514,Blueberry Duncan,F
515,Perry Stevens,M
516,Raspberry Stevens,F
517,Kerry Boyd,M
518,Blackberry Boyd,F
519,Terry Webb,M
520,Cranberry Webb,F
521,Larry Duncan,M
522,Elderberry Duncan,F
523,Gary Stevens,M
524,Gooseberry Stevens,F
525,Jerry Boyd,M
526,Huckleberry Boyd,F
527,Harry Webb,M
528,Mulberry Webb,F
529,Barry Duncan,M
530,Boysenberry Duncan,F
531,Perry Stevens,M
532,Cloudberry Stevens,F
533,Kerry Boyd,M
534,Dewberry Boyd,F
535,Terry Webb,M
536,Loganberry Webb,F
537,Larry Duncan,M
538,Marionberry Duncan,F
539,Gary Stevens,M
540,Salmonberry Stevens,F
541,Jerry Boyd,M
542,Serviceberry Boyd,F
543,Harry Webb,M
544,Thimbleberry Webb,F
545,Barry Duncan,M
546,Wineberry Duncan,F
547,Perry Stevens,M
548,Youngberry Stevens,F
549,Kerry Boyd,M
550,Acai Boyd,F
551,Terry Webb,M
552,Goji Webb,F
553,Larry Duncan,M
554,Juniper Duncan,F
555,Gary Stevens,M
556,Currant Stevens,F
557,Jerry Boyd,M
558,Fig Boyd,F
559,Harry Webb,M
560,Date Webb,F
561,Barry Duncan,M
562,Prune Duncan,F
563,Perry Stevens,M
564,Raisin Stevens,F
565,Kerry Boyd,M
566,Apricot Boyd,F
567,Terry Webb,M
568,Nectarine Webb,F
569,Larry Duncan,M
570,Persimmon Duncan,F
571,Gary Stevens,M
572,Pomegranate Stevens,F
573,Jerry Boyd,M
574,Quince Boyd,F
575,Harry Webb,M
576,Starfruit Webb,F
577,Barry Duncan,M
578,Dragonfruit Duncan,F
579,Perry Stevens,M
580,Passionfruit Stevens,F
581,Kerry Boyd,M
582,Guava Boyd,F
583,Terry Webb,M
584,Lychee Webb,F
585,Larry Duncan,M
586,Rambutan Duncan,F
587,Gary Stevens,M
588,Longan Stevens,F
589,Jerry Boyd,M
590,Durian Boyd,F
591,Harry Webb,M
592,Jackfruit Webb,F
593,Barry Duncan,M
594,Breadfruit Duncan,F
595,Perry Stevens,M
596,Soursop Stevens,F
597,Kerry Boyd,M
598,Cherimoya Boyd,F
599,Terry Webb,M
600,Custard Webb,F
601,Larry Duncan,M
602,Sugar Duncan,F
603,Gary Stevens,M
604,Sweetsop Stevens,F
605,Jerry Boyd,M
606,Atemoya Boyd,F
607,Harry Webb,M
608,Biriba Webb,F
609,Barry Duncan,M
610,Rollinia Duncan,F
611,Perry Stevens,M
612,Ilama Stevens,F
613,Kerry Boyd,M
614,Pond Boyd,F
615,Terry Webb,M
616,Bullock Webb,F
617,Larry Duncan,M
618,Horn Duncan,F
619,Gary Stevens,M
620,Mountain Stevens,F
621,Jerry Boyd,M
622,Wild Boyd,F
623,Harry Webb,M
624,Desert Webb,F
625,Barry Duncan,M
626,Prairie Duncan,F
627,Perry Stevens,M
628,Meadow Stevens,F
629,Kerry Boyd,M
630,Field Boyd,F
631,Terry Webb,M
632,Pasture Webb,F
633,Larry Duncan,M
634,Grassland Duncan,F
635,Gary Stevens,M
636,Plain Stevens,F
637,Jerry Boyd,M
638,Steppe Boyd,F
639,Harry Webb,M
640,Savanna Webb,F
641,Barry Duncan,M
642,Tundra Duncan,F
643,Perry Stevens,M
644,Taiga Stevens,F
645,Kerry Boyd,M
646,Boreal Boyd,F
647,Terry Webb,M
648,Temperate Webb,F
649,Larry Duncan,M
650,Tropical Duncan,F
651,Gary Stevens,M
652,Subtropical Stevens,F
653,Jerry Boyd,M
654,Mediterranean Boyd,F
655,Harry Webb,M
656,Continental Webb,F
657,Barry Duncan,M
658,Maritime Duncan,F
659,Perry Stevens,M
660,Oceanic Stevens,F
661,Kerry Boyd,M
662,Coastal Boyd,F
663,Terry Webb,M
664,Inland Webb,F
665,Larry Duncan,M
666,Lowland Duncan,F
667,Gary Stevens,M
668,Highland Stevens,F
669,Jerry Boyd,M
670,Upland Boyd,F
671,Harry Webb,M
672,Montane Webb,F
673,Barry Duncan,M
674,Alpine Duncan,F
675,Perry Stevens,M
676,Subalpine Stevens,F
677,Kerry Boyd,M
678,Nival Boyd,F
679,Terry Webb,M
680,Polar Webb,F
681,Larry Duncan,M
682,Arctic Duncan,F
683,Gary Stevens,M
684,Antarctic Stevens,F
685,Jerry Boyd,M
686,Equatorial Boyd,F
687,Harry Webb,M
688,Northern Webb,F
689,Barry Duncan,M
690,Southern Duncan,F
691,Perry Stevens,M
692,Eastern Stevens,F
693,Kerry Boyd,M
694,Western Boyd,F
695,Terry Webb,M
696,Central Webb,F
697,Larry Duncan,M
698,Middle Duncan,F
699,Gary Stevens,M
700,Upper Stevens,F
701,Jerry Boyd,M
702,Lower Boyd,F
703,Harry Webb,M
704,Inner Webb,F
705,Barry Duncan,M
706,Outer Duncan,F
707,Perry Stevens,M
708,Near Stevens,F
709,Kerry Boyd,M
710,Far Boyd,F
711,Terry Webb,M
712,Close Webb,F
713,Larry Duncan,M
714,Distant Duncan,F
715,Gary Stevens,M
716,Remote Stevens,F
717,Jerry Boyd,M
718,Isolated Boyd,F
719,Harry Webb,M
720,Secluded Webb,F
721,Barry Duncan,M
722,Hidden Duncan,F
723,Perry Stevens,M
724,Secret Stevens,F
725,Kerry Boyd,M
726,Private Boyd,F
727,Terry Webb,M
728,Personal Webb,F
729,Larry Duncan,M
730,Individual Duncan,F
731,Gary Stevens,M
732,Single Stevens,F
733,Jerry Boyd,M
734,Sole Boyd,F
735,Harry Webb,M
736,Only Webb,F
737,Barry Duncan,M
738,Unique Duncan,F
739,Perry Stevens,M
740,Special Stevens,F
741,Kerry Boyd,M
742,Rare Boyd,F
743,Terry Webb,M
744,Uncommon Webb,F
745,Larry Duncan,M
746,Unusual Duncan,F
747,Gary Stevens,M
748,Extraordinary Stevens,F
749,Jerry Boyd,M
750,Exceptional Boyd,F
751,Harry Webb,M
752,Outstanding Webb,F
753,Barry Duncan,M
754,Remarkable Duncan,F
755,Perry Stevens,M
756,Notable Stevens,F
757,Kerry Boyd,M
758,Significant Boyd,F
759,Terry Webb,M
760,Important Webb,F
761,Larry Duncan,M
762,Major Duncan,F
763,Gary Stevens,M
764,Primary Stevens,F
765,Jerry Boyd,M
766,Principal Boyd,F
767,Harry Webb,M
768,Main Webb,F
769,Barry Duncan,M
770,Chief Duncan,F
771,Perry Stevens,M
772,Leading Stevens,F
773,Kerry Boyd,M
774,Top Boyd,F
775,Terry Webb,M
776,Supreme Webb,F
777,Larry Duncan,M
778,Ultimate Duncan,F
779,Gary Stevens,M
780,Final Stevens,F
781,Jerry Boyd,M
782,Last Boyd,F
783,Harry Webb,M
784,End Webb,F
785,Barry Duncan,M
786,Finish Duncan,F
787,Perry Stevens,M
788,Complete Stevens,F
789,Kerry Boyd,M
790,Total Boyd,F
791,Terry Webb,M
792,Whole Webb,F
793,Larry Duncan,M
794,Entire Duncan,F
795,Gary Stevens,M
796,All Stevens,F
797,Jerry Boyd,M
798,Every Boyd,F
799,Harry Webb,M
800,Each Webb,F
801,Barry Duncan,M
802,Any Duncan,F
803,Perry Stevens,M
804,Some Stevens,F
805,Kerry Boyd,M
806,Many Boyd,F
807,Terry Webb,M
808,Few Webb,F
809,Larry Duncan,M
810,Several Duncan,F
811,Gary Stevens,M
812,Various Stevens,F
813,Jerry Boyd,M
814,Different Boyd,F
815,Harry Webb,M
816,Diverse Webb,F
817,Barry Duncan,M
818,Mixed Duncan,F
819,Perry Stevens,M
820,Combined Stevens,F
821,Kerry Boyd,M
822,United Boyd,F
823,Terry Webb,M
824,Joined Webb,F
825,Larry Duncan,M
826,Connected Duncan,F
827,Gary Stevens,M
828,Linked Stevens,F
829,Jerry Boyd,M
830,Bonded Boyd,F
831,Harry Webb,M
832,Attached Webb,F
833,Barry Duncan,M
834,Fixed Duncan,F
835,Perry Stevens,M
836,Secure Stevens,F
837,Kerry Boyd,M
838,Stable Boyd,F
839,Terry Webb,M
840,Steady Webb,F
841,Larry Duncan,M
842,Solid Duncan,F
843,Gary Stevens,M
844,Strong Stevens,F
845,Jerry Boyd,M
846,Powerful Boyd,F
847,Harry Webb,M
848,Mighty Webb,F
849,Barry Duncan,M
850,Great Duncan,F
851,Perry Stevens,M
852,Grand Stevens,F
853,Kerry Boyd,M
854,Magnificent Boyd,F
855,Terry Webb,M
856,Splendid Webb,F
857,Larry Duncan,M
858,Wonderful Duncan,F
859,Gary Stevens,M
860,Marvelous Stevens,F
861,Jerry Boyd,M
862,Amazing Boyd,F
863,Harry Webb,M
864,Incredible Webb,F
865,Barry Duncan,M
866,Fantastic Duncan,F
867,Perry Stevens,M
868,Fabulous Stevens,F
869,Kerry Boyd,M
870,Superb Boyd,F
871,Terry Webb,M
872,Excellent Webb,F
873,Larry Duncan,M
874,Perfect Duncan,F
875,Gary Stevens,M
876,Ideal Stevens,F
877,Jerry Boyd,M
878,Flawless Boyd,F
879,Harry Webb,M
880,Impeccable Webb,F
881,Barry Duncan,M
882,Spotless Duncan,F
883,Perry Stevens,M
884,Pure Stevens,F
885,Kerry Boyd,M
886,Clean Boyd,F
887,Terry Webb,M
888,Clear Webb,F
889,Larry Duncan,M
890,Bright Duncan,F
891,Gary Stevens,M
892,Brilliant Stevens,F
893,Jerry Boyd,M
894,Radiant Boyd,F
895,Harry Webb,M
896,Glowing Webb,F
897,Barry Duncan,M
898,Shining Duncan,F
899,Perry Stevens,M
900,Gleaming Stevens,F
901,Kerry Boyd,M
902,Sparkling Boyd,F
903,Terry Webb,M
904,Twinkling Webb,F
905,Larry Duncan,M
906,Glittering Duncan,F
907,Gary Stevens,M
908,Dazzling Stevens,F
909,Jerry Boyd,M
910,Blinding Boyd,F
911,Harry Webb,M
912,Blazing Webb,F
913,Barry Duncan,M
914,Burning Duncan,F
915,Perry Stevens,M
916,Flaming Stevens,F
917,Kerry Boyd,M
918,Fiery Boyd,F
919,Terry Webb,M
920,Hot Webb,F
921,Larry Duncan,M
922,Warm Duncan,F
923,Gary Stevens,M
924,Cool Stevens,F
925,Jerry Boyd,M
926,Cold Boyd,F
927,Harry Webb,M
928,Frozen Webb,F
929,Barry Duncan,M
930,Icy Duncan,F
931,Perry Stevens,M
932,Snowy Stevens,F
933,Kerry Boyd,M
934,Frosty Boyd,F
935,Terry Webb,M
936,Chilly Webb,F
937,Larry Duncan,M
938,Brisk Duncan,F
939,Gary Stevens,M
940,Fresh Stevens,F
941,Jerry Boyd,M
942,New Boyd,F
943,Harry Webb,M
944,Young Webb,F
945,Barry Duncan,M
946,Old Duncan,F
947,Perry Stevens,M
948,Ancient Stevens,F
949,Kerry Boyd,M
950,Vintage Boyd,F
951,Terry Webb,M
952,Classic Webb,F
953,Larry Duncan,M
954,Traditional Duncan,F
955,Gary Stevens,M
956,Modern Stevens,F
957,Jerry Boyd,M
958,Contemporary Boyd,F
959,Harry Webb,M
960,Current Webb,F
961,Barry Duncan,M
962,Present Duncan,F
963,Perry Stevens,M
964,Future Stevens,F
965,Kerry Boyd,M
966,Tomorrow Boyd,F
967,Terry Webb,M
968,Next Webb,F
969,Larry Duncan,M
970,Following Duncan,F
971,Gary Stevens,M
972,Subsequent Stevens,F
973,Jerry Boyd,M
974,Later Boyd,F
975,Harry Webb,M
976,After Webb,F
977,Barry Duncan,M
978,Beyond Duncan,F
979,Perry Stevens,M
980,Further Stevens,F
981,Kerry Boyd,M
982,Additional Boyd,F
983,Terry Webb,M
984,Extra Webb,F
985,Larry Duncan,M
986,More Duncan,F
987,Gary Stevens,M
988,Plus Stevens,F
989,Jerry Boyd,M
990,Bonus Boyd,F
991,Harry Webb,M
992,Added Webb,F
993,Barry Duncan,M
994,Supplemental Duncan,F
995,Perry Stevens,M
996,Extended Stevens,F
997,Kerry Boyd,M
998,Expanded Boyd,F
999,Terry Webb,M
1000,Enlarged Webb,F
1001,Larry Duncan,M
1002,Increased Duncan,F
1003,Gary Stevens,M
1004,Enhanced Stevens,F
1005,Jerry Boyd,M
1006,Improved Boyd,F
1007,Harry Webb,M
1008,Better Webb,F
1009,Barry Duncan,M
1010,Superior Duncan,F
1011,Perry Stevens,M
1012,Higher Stevens,F
1013,Kerry Boyd,M
1014,Greater Boyd,F
1015,Terry Webb,M
1016,Larger Webb,F
1017,Larry Duncan,M
1018,Bigger Duncan,F
1019,Gary Stevens,M
1020,Huge Stevens,F
1021,Jerry Boyd,M
1022,Giant Boyd,F
1023,Harry Webb,M
1024,Massive Webb,F
1025,Barry Duncan,M
1026,Enormous Duncan,F
1027,Perry Stevens,M
1028,Immense Stevens,F
1029,Kerry Boyd,M
1030,Colossal Boyd,F
1031,Terry Webb,M
1032,Gigantic Webb,F
1033,Larry Duncan,M
1034,Mammoth Duncan,F
1035,Gary Stevens,M
1036,Tremendous Stevens,F
1037,Jerry Boyd,M
1038,Vast Boyd,F
1039,Harry Webb,M
1040,Infinite Webb,F
1041,Barry Duncan,M
1042,Endless Duncan,F
1043,Perry Stevens,M
1044,Limitless Stevens,F
1045,Kerry Boyd,M
1046,Boundless Boyd,F
1047,Terry Webb,M
1048,Unlimited Webb,F
1049,Larry Duncan,M
1050,Unrestricted Duncan,F
1051,Gary Stevens,M
1052,Free Stevens,F
1053,Jerry Boyd,M
1054,Open Boyd,F
1055,Harry Webb,M
1056,Wide Webb,F
1057,Barry Duncan,M
1058,Broad Duncan,F
1059,Perry Stevens,M
1060,Spacious Stevens,F
1061,Kerry Boyd,M
1062,Roomy Boyd,F
1063,Terry Webb,M
1064,Ample Webb,F
1065,Larry Duncan,M
1066,Generous Duncan,F
1067,Gary Stevens,M
1068,Liberal Stevens,F
1069,Jerry Boyd,M
1070,Abundant Boyd,F
1071,Harry Webb,M
1072,Plentiful Webb,F
1073,Barry Duncan,M
1074,Rich Duncan,F
1075,Perry Stevens,M
1076,Wealthy Stevens,F
1077,Kerry Boyd,M
1078,Prosperous Boyd,F
1079,Terry Webb,M
1080,Successful Webb,F
1081,Larry Duncan,M
1082,Victorious Duncan,F
1083,Gary Stevens,M
1084,Triumphant Stevens,F
1085,Jerry Boyd,M
1086,Winning Boyd,F
1087,Harry Webb,M
1088,Champion Webb,F
1089,Barry Duncan,M
1090,Leader Duncan,F
1091,Perry Stevens,M
1092,Pioneer Stevens,F
1093,Kerry Boyd,M
1094,Explorer Boyd,F
1095,Terry Webb,M
1096,Adventurer Webb,F
1097,Larry Duncan,M
1098,Traveler Duncan,F
1099,Gary Stevens,M
1100,Wanderer Stevens,F
1101,Jerry Boyd,M
1102,Nomad Boyd,F
1103,Harry Webb,M
1104,Rover Webb,F
1105,Barry Duncan,M
1106,Roamer Duncan,F
1107,Perry Stevens,M
1108,Drifter Stevens,F
1109,Kerry Boyd,M
1110,Vagabond Boyd,F
1111,Terry Webb,M
1112,Gypsy Webb,F
1113,Larry Duncan,M
1114,Bohemian Duncan,F
1115,Gary Stevens,M
1116,Artist Stevens,F
1117,Jerry Boyd,M
1118,Painter Boyd,F
1119,Harry Webb,M
1120,Sculptor Webb,F
1121,Barry Duncan,M
1122,Writer Duncan,F
1123,Perry Stevens,M
1124,Poet Stevens,F
1125,Kerry Boyd,M
1126,Musician Boyd,F
1127,Terry Webb,M
1128,Singer Webb,F
1129,Larry Duncan,M
1130,Dancer Duncan,F
1131,Gary Stevens,M
1132,Actor Stevens,F
1133,Jerry Boyd,M
1134,Performer Boyd,F
1135,Harry Webb,M
1136,Entertainer Webb,F
1137,Barry Duncan,M
1138,Comedian Duncan,F
1139,Perry Stevens,M
1140,Magician Stevens,F
1141,Kerry Boyd,M
1142,Acrobat Boyd,F
1143,Terry Webb,M
1144,Athlete Webb,F
1145,Larry Duncan,M
1146,Runner Duncan,F
1147,Gary Stevens,M
1148,Swimmer Stevens,F
1149,Jerry Boyd,M
1150,Cyclist Boyd,F
1151,Harry Webb,M
1152,Climber Webb,F
1153,Barry Duncan,M
1154,Hiker Duncan,F
1155,Perry Stevens,M
1156,Camper Stevens,F
1157,Kerry Boyd,M
1158,Fisher Boyd,F
1159,Terry Webb,M
1160,Hunter Webb,F
1161,Larry Duncan,M
1162,Gardener Duncan,F
1163,Gary Stevens,M
1164,Farmer Stevens,F
1165,Jerry Boyd,M
1166,Rancher Boyd,F
1167,Harry Webb,M
1168,Cowboy Webb,F
1169,Barry Duncan,M
1170,Sheriff Duncan,F
1171,Perry Stevens,M
1172,Marshal Stevens,F
1173,Kerry Boyd,M
1174,Deputy Boyd,F
1175,Terry Webb,M
1176,Officer Webb,F
1177,Larry Duncan,M
1178,Detective Duncan,F
1179,Gary Stevens,M
1180,Inspector Stevens,F
1181,Jerry Boyd,M
1182,Investigator Boyd,F
1183,Harry Webb,M
1184,Agent Webb,F
1185,Barry Duncan,M
1186,Spy Duncan,F
1187,Perry Stevens,M
1188,Scout Stevens,F
1189,Kerry Boyd,M
1190,Ranger Boyd,F
1191,Terry Webb,M
1192,Guard Webb,F
1193,Larry Duncan,M
1194,Warden Duncan,F
1195,Gary Stevens,M
1196,Keeper Stevens,F
1197,Jerry Boyd,M
1198,Caretaker Boyd,F
1199,Harry Webb,M
1200,Guardian Webb,F
1201,Barry Duncan,M
1202,Protector Duncan,F
1203,Perry Stevens,M
1204,Defender Stevens,F
1205,Kerry Boyd,M
1206,Warrior Boyd,F
1207,Terry Webb,M
1208,Fighter Webb,F
1209,Larry Duncan,M
1210,Soldier Duncan,F
1211,Gary Stevens,M
1212,Knight Stevens,F
1213,Jerry Boyd,M
1214,Paladin Boyd,F
1215,Harry Webb,M
1216,Hero Webb,F
1217,Barry Duncan,M
1218,Champion Duncan,F
1219,Perry Stevens,M
1220,Victor Stevens,F
1221,Kerry Boyd,M
1222,Conqueror Boyd,F
1223,Terry Webb,M
1224,Winner Webb,F
1225,Larry Duncan,M
1226,Success Duncan,F
1227,Gary Stevens,M
1228,Achievement Stevens,F
1229,Jerry Boyd,M
1230,Glory Boyd,F
1231,Harry Webb,M
1232,Honor Webb,F
1233,Barry Duncan,M
1234,Pride Duncan,F
1235,Perry Stevens,M
1236,Joy Stevens,F
1237,Kerry Boyd,M
1238,Happiness Boyd,F
1239,Terry Webb,M
1240,Bliss Webb,F
1241,Larry Duncan,M
1242,Delight Duncan,F
1243,Gary Stevens,M
1244,Pleasure Stevens,F
1245,Jerry Boyd,M
1246,Satisfaction Boyd,F
1247,Harry Webb,M
1248,Contentment Webb,F
1249,Barry Duncan,M
1250,Peace Duncan,F
1251,Perry Stevens,M
1252,Serenity Stevens,F
1253,Kerry Boyd,M
1254,Tranquility Boyd,F
1255,Terry Webb,M
1256,Calm Webb,F
1257,Larry Duncan,M
1258,Quiet Duncan,F
1259,Gary Stevens,M
1260,Silence Stevens,F
1261,Jerry Boyd,M
1262,Stillness Boyd,F
1263,Harry Webb,M
1264,Rest Webb,F
1265,Barry Duncan,M
1266,Repose Duncan,F
1267,Perry Stevens,M
1268,Relaxation Stevens,F
1269,Kerry Boyd,M
1270,Comfort Boyd,F
1271,Terry Webb,M
1272,Ease Webb,F
1273,Larry Duncan,M
1274,Relief Duncan,F
1275,Gary Stevens,M
1276,Freedom Stevens,F
1277,Jerry Boyd,M
1278,Liberty Boyd,F
1279,Harry Webb,M
1280,Independence Webb,F
1281,Barry Duncan,M
1282,Autonomy Duncan,F
1283,Perry Stevens,M
1284,Self-reliance Stevens,F
1285,Kerry Boyd,M
1286,Confidence Boyd,F
1287,Terry Webb,M
1288,Courage Webb,F
1289,Larry Duncan,M
1290,Bravery Duncan,F
1291,Gary Stevens,M
1292,Valor Stevens,F
1293,Jerry Boyd,M
1294,Heroism Boyd,F
1295,Harry Webb,M
1296,Gallantry Webb,F
1297,Barry Duncan,M
1298,Nobility Duncan,F
1299,Perry Stevens,M
1300,Dignity Stevens,F